EventId,AttendeeId
Procom-01,352-92-6398
Procom-01,249-97-2382
Procom-01,503-19-1061
Procom-01,675-37-4055
Procom-01,369-26-0872
Procom-01,420-83-8799
Procom-01,152-10-6143
Procom-01,139-09-6615
Procom-01,820-85-6067
Procom-01,329-54-5375
Procom-01,173-18-7946
Procom-01,204-20-5227
Procom-01,078-89-5569
Procom-01,268-12-3134
Procom-01,384-74-0106
Procom-01,638-41-1873
Procom-01,124-52-9551
Procom-01,180-27-7752
Procom-01,336-98-5620
Procom-01,596-02-4568
Procom-01,456-99-9119
Procom-01,189-09-6120
Procom-01,012-53-9295
Procom-01,755-25-4952
Procom-01,205-62-1172
Procom-01,779-61-8876
Procom-01,349-64-3082
Procom-01,290-59-8003
Procom-01,731-10-5835
Procom-01,068-41-9711
Procom-01,214-99-4798
Procom-01,299-75-5839
Procom-01,721-24-6356
Procom-01,034-64-5789
Procom-01,862-60-2287
Procom-01,323-37-0784
Procom-01,412-33-0777
Procom-01,874-12-2197
Procom-01,546-31-0165
Procom-01,599-06-0343
Procom-01,565-79-7032
Procom-01,754-43-0144
Procom-01,547-48-4457
Procom-01,633-25-9979
Procom-01,113-03-6160
Procom-01,818-07-8203
Procom-01,075-40-9361
Procom-01,035-67-3495
Procom-01,451-47-1071
Procom-01,183-98-9703
Acm-01,414-33-4828
Acm-01,247-45-3384
Acm-01,121-83-0118
Acm-01,848-08-9912
Acm-01,825-72-1850
Acm-01,645-27-1614
Acm-01,663-35-4390
Acm-01,116-22-3893
Acm-01,815-36-0794
Acm-01,879-05-1451
Acm-01,450-84-3908
Acm-01,806-13-3446
Acm-01,503-45-3238
Acm-01,134-97-0509
Acm-01,750-63-7816
Acm-01,470-70-2062
Acm-01,451-30-5757
Acm-01,560-34-4236
Acm-01,433-75-5260
Acm-01,055-21-2614
Acm-01,477-73-6878
Acm-01,578-94-6723
Acm-01,557-30-3907
Acm-01,787-48-1419
Acm-01,556-70-8321
Acm-01,697-77-1530
Acm-01,392-39-7145
Acm-01,327-59-1372
Acm-01,777-83-1565
Acm-01,854-86-7278
Acm-01,484-28-4818
Acm-01,882-99-8557
Acm-01,805-30-6530
Acm-01,800-80-7639
Acm-01,473-09-6079
Acm-01,318-14-5845
Acm-01,728-88-6263
Acm-01,047-99-6098
Acm-01,814-41-4129
Acm-01,546-73-8518
Acm-01,180-48-7488
Acm-01,161-07-2654
Acm-01,077-67-7832
Acm-01,482-44-0027
Acm-01,285-21-7248
Acm-01,780-45-3212
Acm-01,157-94-2971
Acm-01,478-92-8134
Acm-01,351-73-5762
Acm-01,852-14-3736
Acm-02,749-68-6106
Acm-02,375-42-2263
Acm-02,076-42-5455
Acm-02,191-13-4814
Acm-02,143-08-6191
Acm-02,012-64-3640
Acm-02,859-37-1431
Acm-02,020-11-4470
Acm-02,667-97-2535
Acm-02,639-86-4950
Acm-02,778-59-2675
Acm-02,488-67-7255
Acm-02,898-27-9973
Acm-02,629-41-2924
Acm-02,274-80-3677
Acm-02,016-15-1796
Acm-02,092-61-7019
Acm-02,724-51-4178
Acm-02,175-54-5006
Acm-02,140-28-6427
Acm-02,042-45-6711
Acm-02,188-13-6342
Acm-02,207-05-1097
Acm-02,283-66-9908
Acm-02,895-07-7056
Acm-02,254-69-0939
Acm-02,067-45-6219
Acm-02,409-91-2118
Acm-02,139-41-1500
Acm-02,766-18-5220
Acm-02,818-95-2914
Acm-02,569-66-7452
Acm-02,660-06-1655
Acm-02,063-05-2823
Acm-02,313-34-0417
Acm-02,742-14-0188
Acm-02,299-26-4772
Acm-02,308-34-9665
Acm-02,754-30-8539
Acm-02,543-61-2234
Acm-02,094-86-9177
Acm-02,876-86-3146
Acm-02,395-34-6915
Acm-02,687-19-0995
Acm-02,449-60-8471
Acm-02,276-93-8205
Acm-02,797-44-6019
Acm-02,852-42-4665
Acm-02,243-03-9465
Acm-02,125-72-7276
Decs-01,457-35-8141
Decs-01,021-41-0691
Decs-01,525-15-6292
Decs-01,257-97-4128
Decs-01,498-29-1296
Decs-01,549-09-8784
Decs-01,105-54-9775
Decs-01,736-84-6126
Decs-01,880-81-5939
Decs-01,389-71-5052
Decs-01,051-50-0256
Decs-01,155-99-1417
Decs-01,687-13-5409
Decs-01,332-60-1506
Decs-01,617-19-7108
Decs-01,032-16-4982
Decs-01,885-15-7562
Decs-01,875-82-8697
Decs-01,084-25-3351
Decs-01,737-23-5852
Decs-01,180-53-4997
Decs-01,108-98-4753
Decs-01,067-29-6059
Decs-01,697-18-7764
Decs-01,718-58-2983
Decs-01,625-77-0377
Decs-01,400-02-3201
Decs-01,054-15-9226
Decs-01,406-32-6424
Decs-01,463-89-1566
Decs-01,894-32-4063
Decs-01,462-19-9389
Decs-01,670-36-1060
Decs-01,431-85-4838
Decs-01,808-63-9730
Decs-01,423-89-7139
Decs-01,214-51-3143
Decs-01,727-95-1166
Decs-01,784-39-0897
Decs-01,098-07-8402
Decs-01,602-43-1607
Decs-01,490-20-1609
Decs-01,610-64-7738
Decs-01,804-05-4439
Decs-01,591-75-9242
Decs-01,283-10-9662
Decs-01,216-20-9904
Decs-01,126-75-0530
Decs-01,890-47-5840
Decs-01,471-16-2517
Decs-02,661-07-8858
Decs-02,121-73-9961
Decs-02,363-08-3773
Decs-02,748-81-5364
Decs-02,465-17-3929
Decs-02,164-55-2765
Decs-02,634-59-4400
Decs-02,405-55-6171
Decs-02,268-43-2692
Decs-02,481-35-6714
Decs-02,364-03-3627
Decs-02,754-77-6301
Decs-02,156-16-0516
Decs-02,596-99-1678
Decs-02,270-51-8339
Decs-02,295-14-5708
Decs-02,607-21-3554
Decs-02,863-87-0157
Decs-02,808-29-0691
Decs-02,737-73-1408
Decs-02,646-86-5185
Decs-02,789-38-5112
Decs-02,079-67-4731
Decs-02,771-17-8425
Decs-02,769-35-2995
Decs-02,360-12-7987
Decs-02,469-66-3467
Decs-02,319-07-2515
Decs-02,282-07-0904
Decs-02,539-57-9559
Decs-02,665-51-3396
Decs-02,208-54-8957
Decs-02,033-38-3139
Decs-02,626-26-3946
Decs-02,480-68-9442
Decs-02,561-22-5409
Decs-02,116-63-6606
Decs-02,739-72-8125
Decs-02,890-82-5093
Decs-02,193-74-2290
Decs-02,333-01-1770
Decs-02,707-18-4591
Decs-02,310-65-9825
Decs-02,018-21-0702
Decs-02,214-38-6320
Decs-02,721-65-8944
Decs-02,683-28-4625
Decs-02,244-76-1851
Decs-02,196-86-9485
Decs-02,100-33-2812
Tlc-01,083-66-3618
Tlc-01,409-23-8857
Tlc-01,847-61-1139
Tlc-01,166-49-7488
Tlc-01,215-60-6022
Tlc-01,614-69-0008
Tlc-01,769-71-5004
Tlc-01,443-56-5646
Tlc-01,309-86-2036
Tlc-01,147-54-2429
Tlc-01,178-12-9597
Tlc-01,437-22-9720
Tlc-01,839-10-6232
Tlc-01,856-51-8840
Tlc-01,143-16-9775
Tlc-01,412-59-8497
Tlc-01,182-37-5071
Tlc-01,320-68-9861
Tlc-01,048-39-4165
Tlc-01,329-87-9738
Tlc-01,717-56-4803
Tlc-01,354-39-7309
Tlc-01,228-53-7550
Tlc-01,479-61-8824
Tlc-01,721-51-7031
Tlc-01,585-49-7546
Tlc-01,616-52-3306
Tlc-01,521-16-1818
Tlc-01,291-54-8227
Tlc-01,083-96-8453
Tlc-01,101-89-6740
Tlc-01,785-50-2106
Tlc-01,189-40-1196
Tlc-01,634-16-7414
Tlc-01,068-86-7770
Tlc-01,326-78-9628
Tlc-01,773-63-3089
Tlc-01,721-78-4356
Tlc-01,785-35-3341
Tlc-01,683-28-7507
Tlc-01,185-63-3240
Tlc-01,368-51-1423
Tlc-01,295-05-7180
Tlc-01,026-22-3595
Tlc-01,085-17-8127
Tlc-01,203-40-4332
Tlc-01,820-92-9924
Tlc-01,463-63-7903
Tlc-01,622-07-9505
Tlc-01,004-77-6508
Tlc-02,438-47-4006
Tlc-02,053-50-7080
Tlc-02,212-95-4301
Tlc-02,684-99-8416
Tlc-02,184-67-2471
Tlc-02,105-55-8432
Tlc-02,320-45-8446
Tlc-02,809-34-3379
Tlc-02,559-23-7378
Tlc-02,078-19-5800
Tlc-02,230-03-3963
Tlc-02,391-13-9133
Tlc-02,559-28-9443
Tlc-02,445-04-9704
Tlc-02,457-08-1980
Tlc-02,871-83-4719
Tlc-02,466-16-7063
Tlc-02,229-94-5882
Tlc-02,184-30-1402
Tlc-02,715-18-2449
Tlc-02,377-56-8083
Tlc-02,689-23-8238
Tlc-02,415-12-3607
Tlc-02,536-51-2235
Tlc-02,278-29-6746
Tlc-02,600-69-1259
Tlc-02,166-06-2029
Tlc-02,836-26-0172
Tlc-02,181-92-1252
Tlc-02,177-50-1374
Tlc-02,251-16-0742
Tlc-02,225-22-7261
Tlc-02,783-51-3560
Tlc-02,112-47-8737
Tlc-02,396-80-6935
Tlc-02,875-56-8446
Tlc-02,200-83-4663
Tlc-02,662-74-9869
Tlc-02,184-23-9891
Tlc-02,749-21-5818
Tlc-02,003-50-6817
Tlc-02,245-35-8651
Tlc-02,196-74-9828
Tlc-02,719-07-4071
Tlc-02,376-22-8988
Tlc-02,490-15-6861
Tlc-02,055-65-8408
Tlc-02,410-92-9968
Tlc-02,272-28-7732
Tlc-02,806-51-5211
Cbs-01,302-30-4769
Cbs-01,720-33-8143
Cbs-01,072-46-6413
Cbs-01,481-40-2727
Cbs-01,641-12-2962
Cbs-01,876-03-3471
Cbs-01,466-45-8067
Cbs-01,011-70-4105
Cbs-01,731-58-3029
Cbs-01,849-14-4850
Cbs-01,358-07-0612
Cbs-01,321-16-8579
Cbs-01,580-72-0931
Cbs-01,883-71-5108
Cbs-01,547-29-7964
Cbs-01,712-77-1184
Cbs-01,494-44-5621
Cbs-01,404-66-1440
Cbs-01,608-12-4136
Cbs-01,411-61-3403
Cbs-01,148-52-5597
Cbs-01,014-98-8064
Cbs-01,756-95-1493
Cbs-01,629-10-8686
Cbs-01,382-95-2815
Cbs-01,444-24-2412
Cbs-01,791-28-8548
Cbs-01,330-88-3408
Cbs-01,130-17-0245
Cbs-01,056-38-9427
Cbs-01,103-22-8147
Cbs-01,770-12-4423
Cbs-01,549-91-7946
Cbs-01,052-50-9654
Cbs-01,284-25-6482
Cbs-01,469-05-5848
Cbs-01,481-79-7964
Cbs-01,424-51-7066
Cbs-01,546-58-0652
Cbs-01,792-14-7521
Cbs-01,445-47-8546
Cbs-01,747-29-6933
Cbs-01,659-89-0341
Cbs-01,685-69-2511
Cbs-01,601-75-8472
Cbs-01,108-41-9895
Cbs-01,896-24-6625
Cbs-01,723-79-7274
Cbs-01,688-34-1020
Cbs-01,602-83-2080
Cbs-02,663-55-1094
Cbs-02,012-89-4697
Cbs-02,669-09-8813
Cbs-02,518-99-0828
Cbs-02,467-98-6697
Cbs-02,205-03-6244
Cbs-02,158-68-6894
Cbs-02,889-48-6929
Cbs-02,173-17-2300
Cbs-02,688-72-8107
Cbs-02,173-42-4594
Cbs-02,709-12-9757
Cbs-02,003-90-1641
Cbs-02,156-07-2260
Cbs-02,235-70-8325
Cbs-02,007-14-2496
Cbs-02,686-01-2345
Cbs-02,589-53-9388
Cbs-02,037-26-1880
Cbs-02,181-01-7289
Cbs-02,227-79-3217
Cbs-02,571-86-1217
Cbs-02,717-86-0459
Cbs-02,660-42-1142
Cbs-02,189-83-5707
Cbs-02,416-90-8085
Cbs-02,069-09-0840
Cbs-02,771-99-6904
Cbs-02,206-72-4180
Cbs-02,738-71-7328
Cbs-02,197-59-8270
Cbs-02,270-42-6973
Cbs-02,618-69-9687
Cbs-02,537-34-8820
Cbs-02,468-50-8627
Cbs-02,697-77-5006
Cbs-02,670-48-6565
Cbs-02,659-36-1765
Cbs-02,021-58-4002
Cbs-02,433-92-6871
Cbs-02,368-07-0443
Cbs-02,071-91-2874
Cbs-02,422-88-7787
Cbs-02,800-52-1077
Cbs-02,713-53-8328
Cbs-02,631-47-4505
Cbs-02,241-69-7919
Cbs-02,497-37-0617
Cbs-02,815-09-4161
Cbs-02,170-70-6578
Fdss-01,389-04-7910
Fdss-01,380-68-4081
Fdss-01,140-39-1947
Fdss-01,426-73-4674
Fdss-01,503-19-6620
Fdss-01,544-77-4464
Fdss-01,337-84-5221
Fdss-01,893-45-5482
Fdss-01,393-68-9789
Fdss-01,406-22-5754
Fdss-01,170-08-0272
Fdss-01,623-91-8430
Fdss-01,146-84-4168
Fdss-01,248-36-3955
Fdss-01,258-71-9305
Fdss-01,393-02-6960
Fdss-01,460-61-3088
Fdss-01,179-08-1594
Fdss-01,397-23-9972
Fdss-01,572-24-8984
Fdss-01,863-75-2288
Fdss-01,152-84-1231
Fdss-01,261-66-0786
Fdss-01,438-13-1523
Fdss-01,769-79-5873
Fdss-01,567-55-5878
Fdss-01,410-40-3076
Fdss-01,027-99-2319
Fdss-01,601-57-8142
Fdss-01,250-25-5775
Fdss-01,585-33-7905
Fdss-01,481-91-3332
Fdss-01,160-53-2782
Fdss-01,656-37-6825
Fdss-01,437-74-4248
Fdss-01,738-07-0281
Fdss-01,639-50-5813
Fdss-01,304-58-8655
Fdss-01,865-97-3979
Fdss-01,505-55-1990
Fdss-01,457-95-2691
Fdss-01,421-33-6019
Fdss-01,670-21-7539
Fdss-01,638-33-1094
Fdss-01,830-21-6311
Fdss-01,495-80-2645
Fdss-01,498-87-2683
Fdss-01,729-84-4788
Fdss-01,808-61-6761
Fdss-01,287-31-9627
Fdss-02,661-03-4246
Fdss-02,217-73-0466
Fdss-02,849-98-5001
Fdss-02,741-01-9384
Fdss-02,784-57-3507
Fdss-02,691-16-6364
Fdss-02,759-11-0614
Fdss-02,316-43-5796
Fdss-02,051-64-8261
Fdss-02,502-52-4243
Fdss-02,078-55-6720
Fdss-02,135-43-8099
Fdss-02,734-02-3092
Fdss-02,051-24-2465
Fdss-02,256-80-4476
Fdss-02,374-33-6634
Fdss-02,790-65-3980
Fdss-02,546-07-9138
Fdss-02,069-79-2824
Fdss-02,162-18-2925
Fdss-02,686-03-6090
Fdss-02,659-88-8977
Fdss-02,559-31-5589
Fdss-02,336-91-8161
Fdss-02,743-90-5387
Fdss-02,307-02-1280
Fdss-02,567-16-4364
Fdss-02,396-90-2620
Fdss-02,593-66-2525
Fdss-02,758-98-2353
Fdss-02,001-31-3244
Fdss-02,232-22-4835
Fdss-02,127-77-0046
Fdss-02,126-39-8981
Fdss-02,676-82-2902
Fdss-02,554-37-1360
Fdss-02,156-44-8137
Fdss-02,117-46-2034
Fdss-02,081-87-0326
Fdss-02,728-16-3239
Fdss-02,849-35-0193
Fdss-02,364-39-8088
Fdss-02,313-52-8378
Fdss-02,527-52-6813
Fdss-02,448-20-2052
Fdss-02,501-85-6118
Fdss-02,772-85-1147
Fdss-02,406-42-5166
Fdss-02,360-22-7156
Fdss-02,028-67-2031
Mlsa-01,522-17-5650
Mlsa-01,179-65-3599
Mlsa-01,215-76-3022
Mlsa-01,622-49-5481
Mlsa-01,196-68-6739
Mlsa-01,844-71-7427
Mlsa-01,607-22-3062
Mlsa-01,297-10-4680
Mlsa-01,888-23-2756
Mlsa-01,643-67-5160
Mlsa-01,398-55-0555
Mlsa-01,400-78-0471
Mlsa-01,765-71-6983
Mlsa-01,407-90-5216
Mlsa-01,519-23-9519
Mlsa-01,718-61-6767
Mlsa-01,887-87-4623
Mlsa-01,072-74-9057
Mlsa-01,463-20-3005
Mlsa-01,888-11-6428
Mlsa-01,161-50-3702
Mlsa-01,548-19-6907
Mlsa-01,497-35-1080
Mlsa-01,381-43-8963
Mlsa-01,264-51-9727
Mlsa-01,420-15-4683
Mlsa-01,756-38-2350
Mlsa-01,133-84-3628
Mlsa-01,601-54-6509
Mlsa-01,083-45-3622
Mlsa-01,570-55-4392
Mlsa-01,319-22-1667
Mlsa-01,556-32-3541
Mlsa-01,186-75-1570
Mlsa-01,256-71-1697
Mlsa-01,423-29-9817
Mlsa-01,891-75-5390
Mlsa-01,153-81-4478
Mlsa-01,508-55-1294
Mlsa-01,777-50-0140
Mlsa-01,554-04-7575
Mlsa-01,846-97-8648
Mlsa-01,695-56-8852
Mlsa-01,428-02-8565
Mlsa-01,652-12-1053
Mlsa-01,163-04-9365
Mlsa-01,639-74-0798
Mlsa-01,284-28-3346
Mlsa-01,032-70-0374
Mlsa-01,698-23-7028
